Gene Name,GO ID,Biological Function
TP53,GO:0000122,negative regulation of transcription by RNA polymerase II
TP53,GO:0000122,negative regulation of transcription by RNA polymerase II
TP53,GO:0002244,hematopoietic progenitor cell differentiation
TP53,GO:0006289,nucleotide-excision repair
TP53,GO:0006355,regulation of DNA-templated transcription
TP53,GO:0006355,regulation of DNA-templated transcription
TP53,GO:0006355,regulation of DNA-templated transcription
TP53,GO:0006357,regulation of transcription by RNA polymerase II
TP53,GO:0006914,autophagy
TP53,GO:0006915,apoptotic process
TP53,GO:0006974,DNA damage response
TP53,GO:0006974,DNA damage response
TP53,GO:0006974,DNA damage response
TP53,GO:0006983,ER overload response
TP53,GO:0007265,Ras protein signal transduction
TP53,GO:0007623,circadian rhythm
TP53,GO:0008104,intracellular protein localization
TP53,GO:0008285,negative regulation of cell population proliferation
TP53,GO:0008285,negative regulation of cell population proliferation
TP53,GO:0008285,negative regulation of cell population proliferation
TP53,GO:0008285,negative regulation of cell population proliferation
TP53,GO:0008285,negative regulation of cell population proliferation
TP53,GO:0008340,determination of adult lifespan
TP53,GO:0008340,determination of adult lifespan
TP53,GO:0009299,mRNA transcription
TP53,GO:0009416,response to light stimulus
TP53,GO:0010212,response to ionizing radiation
TP53,GO:0010332,response to gamma radiation
TP53,GO:0010628,positive regulation of gene expression
TP53,GO:0010628,positive regulation of gene expression
TP53,GO:0010628,positive regulation of gene expression
TP53,GO:0016032,viral process
TP53,GO:0030308,negative regulation of cell growth
TP53,GO:0030330,"DNA damage response, signal transduction by p53 class mediator"
TP53,GO:0030330,"DNA damage response, signal transduction by p53 class mediator"
TP53,GO:0031571,mitotic G1 DNA damage checkpoint signaling
TP53,GO:0032211,negative regulation of telomere maintenance via telomerase
TP53,GO:0033209,tumor necrosis factor-mediated signaling pathway
TP53,GO:0034644,cellular response to UV
TP53,GO:0042149,cellular response to glucose starvation
TP53,GO:0042149,cellular response to glucose starvation
TP53,GO:0042771,intrinsic apoptotic signaling pathway in response to DNA damage by p53 class mediator
TP53,GO:0042771,intrinsic apoptotic signaling pathway in response to DNA damage by p53 class mediator
TP53,GO:0042771,intrinsic apoptotic signaling pathway in response to DNA damage by p53 class mediator
TP53,GO:0042771,intrinsic apoptotic signaling pathway in response to DNA damage by p53 class mediator
TP53,GO:0042771,intrinsic apoptotic signaling pathway in response to DNA damage by p53 class mediator
TP53,GO:0042981,regulation of apoptotic process
TP53,GO:0042981,regulation of apoptotic process
TP53,GO:0043065,positive regulation of apoptotic process
TP53,GO:0043066,negative regulation of apoptotic process
TP53,GO:0043066,negative regulation of apoptotic process
TP53,GO:0043066,negative regulation of apoptotic process
TP53,GO:0043153,entrainment of circadian clock by photoperiod
TP53,GO:0043153,entrainment of circadian clock by photoperiod
TP53,GO:0045815,transcription initiation-coupled chromatin remodeling
TP53,GO:0045892,negative regulation of DNA-templated transcription
TP53,GO:0045892,negative regulation of DNA-templated transcription
TP53,GO:0045892,negative regulation of DNA-templated transcription
TP53,GO:0045892,negative regulation of DNA-templated transcription
TP53,GO:0045893,positive regulation of DNA-templated transcription
TP53,GO:0045893,positive regulation of DNA-templated transcription
TP53,GO:0045893,positive regulation of DNA-templated transcription
TP53,GO:0045899,positive regulation of RNA polymerase II transcription preinitiation complex assembly
TP53,GO:0045944,positive regulation of transcription by RNA polymerase II
TP53,GO:0045944,positive regulation of transcription by RNA polymerase II
TP53,GO:0045944,positive regulation of transcription by RNA polymerase II
TP53,GO:0045944,positive regulation of transcription by RNA polymerase II
TP53,GO:0045944,positive regulation of transcription by RNA polymerase II
TP53,GO:0045944,positive regulation of transcription by RNA polymerase II
TP53,GO:0046677,response to antibiotic
TP53,GO:0048147,negative regulation of fibroblast proliferation
TP53,GO:0048512,circadian behavior
TP53,GO:0048512,circadian behavior
TP53,GO:0048539,bone marrow development
TP53,GO:0051097,negative regulation of helicase activity
TP53,GO:0051262,protein tetramerization
TP53,GO:0051726,regulation of cell cycle
TP53,GO:0051726,regulation of cell cycle
TP53,GO:0051726,regulation of cell cycle
TP53,GO:0051726,regulation of cell cycle
TP53,GO:0060218,hematopoietic stem cell differentiation
TP53,GO:0060333,type II interferon-mediated signaling pathway
TP53,GO:0062100,positive regulation of programmed necrotic cell death
TP53,GO:0065003,protein-containing complex assembly
TP53,GO:0070059,intrinsic apoptotic signaling pathway in response to endoplasmic reticulum stress
TP53,GO:0070245,positive regulation of thymocyte apoptotic process
TP53,GO:0070245,positive regulation of thymocyte apoptotic process
TP53,GO:0071456,cellular response to hypoxia
TP53,GO:0071466,cellular response to xenobiotic stimulus
TP53,GO:0071479,cellular response to ionizing radiation
TP53,GO:0071479,cellular response to ionizing radiation
TP53,GO:0071480,cellular response to gamma radiation
TP53,GO:0072331,signal transduction by p53 class mediator
TP53,GO:0072332,intrinsic apoptotic signaling pathway by p53 class mediator
TP53,GO:0072717,cellular response to actinomycin D
TP53,GO:0090200,positive regulation of release of cytochrome c from mitochondria
TP53,GO:0090398,cellular senescence
TP53,GO:0090399,replicative senescence
TP53,GO:0090403,oxidative stress-induced premature senescence
TP53,GO:0097190,apoptotic signaling pathway
TP53,GO:0097193,intrinsic apoptotic signaling pathway
TP53,GO:0097252,oligodendrocyte apoptotic process
TP53,GO:1900119,positive regulation of execution phase of apoptosis
TP53,GO:1902749,regulation of cell cycle G2/M phase transition
TP53,GO:1902895,positive regulation of miRNA transcription
TP53,GO:1902895,positive regulation of miRNA transcription
TP53,GO:1902895,positive regulation of miRNA transcription
TP53,GO:1902895,positive regulation of miRNA transcription
TP53,GO:1903451,negative regulation of G1 to G0 transition
TP53,GO:1903451,negative regulation of G1 to G0 transition
TP53,GO:1905856,negative regulation of pentose-phosphate shunt
TP53,GO:2000379,positive regulation of reactive oxygen species metabolic process
TP53,GO:2000774,positive regulation of cellular senescence
TP53,GO:2000774,positive regulation of cellular senescence
TP53,GO:2000774,positive regulation of cellular senescence
TP53,GO:2001244,positive regulation of intrinsic apoptotic signaling pathway
TP53,GO:2001244,positive regulation of intrinsic apoptotic signaling pathway
BRCA1,GO:0000724,double-strand break repair via homologous recombination
BRCA1,GO:0000724,double-strand break repair via homologous recombination
BRCA1,GO:0006281,DNA repair
BRCA1,GO:0006281,DNA repair
BRCA1,GO:0006282,regulation of DNA repair
BRCA1,GO:0006301,DNA damage tolerance
BRCA1,GO:0006302,double-strand break repair
BRCA1,GO:0006302,double-strand break repair
BRCA1,GO:0006302,double-strand break repair
BRCA1,GO:0006302,double-strand break repair
BRCA1,GO:0006338,chromatin remodeling
BRCA1,GO:0006357,regulation of transcription by RNA polymerase II
BRCA1,GO:0006357,regulation of transcription by RNA polymerase II
BRCA1,GO:0006974,DNA damage response
BRCA1,GO:0006974,DNA damage response
BRCA1,GO:0006974,DNA damage response
BRCA1,GO:0007059,chromosome segregation
BRCA1,GO:0007095,mitotic G2 DNA damage checkpoint signaling
BRCA1,GO:0008630,intrinsic apoptotic signaling pathway in response to DNA damage
BRCA1,GO:0010212,response to ionizing radiation
BRCA1,GO:0010575,positive regulation of vascular endothelial growth factor production
BRCA1,GO:0010628,positive regulation of gene expression
BRCA1,GO:0016567,protein ubiquitination
BRCA1,GO:0016567,protein ubiquitination
BRCA1,GO:0030308,negative regulation of cell growth
BRCA1,GO:0033147,negative regulation of intracellular estrogen receptor signaling pathway
BRCA1,GO:0035825,homologous recombination
BRCA1,GO:0044027,negative regulation of gene expression via chromosomal CpG island methylation
BRCA1,GO:0044818,mitotic G2/M transition checkpoint
BRCA1,GO:0044818,mitotic G2/M transition checkpoint
BRCA1,GO:0045717,negative regulation of fatty acid biosynthetic process
BRCA1,GO:0045739,positive regulation of DNA repair
BRCA1,GO:0045766,positive regulation of angiogenesis
BRCA1,GO:0045786,negative regulation of cell cycle
BRCA1,GO:0045892,negative regulation of DNA-templated transcription
BRCA1,GO:0045893,positive regulation of DNA-templated transcription
BRCA1,GO:0045893,positive regulation of DNA-templated transcription
BRCA1,GO:0045944,positive regulation of transcription by RNA polymerase II
BRCA1,GO:0045944,positive regulation of transcription by RNA polymerase II
BRCA1,GO:0045944,positive regulation of transcription by RNA polymerase II
BRCA1,GO:0046600,negative regulation of centriole replication
BRCA1,GO:0051726,regulation of cell cycle
BRCA1,GO:0051865,protein autoubiquitination
BRCA1,GO:0071356,cellular response to tumor necrosis factor
BRCA1,GO:0071479,cellular response to ionizing radiation
BRCA1,GO:0071681,cellular response to indole-3-methanol
BRCA1,GO:0085020,protein K6-linked ubiquitination
BRCA1,GO:0110025,DNA strand resection involved in replication fork processing
BRCA1,GO:1902042,negative regulation of extrinsic apoptotic signaling pathway via death domain receptors
BRCA1,GO:2000001,regulation of DNA damage checkpoint
BRCA1,GO:2000378,negative regulation of reactive oxygen species metabolic process
APOE,GO:0000302,response to reactive oxygen species
APOE,GO:0001523,retinoid metabolic process
APOE,GO:0001937,negative regulation of endothelial cell proliferation
APOE,GO:0006641,triglyceride metabolic process
APOE,GO:0006641,triglyceride metabolic process
APOE,GO:0006869,lipid transport
APOE,GO:0006898,receptor-mediated endocytosis
APOE,GO:0006898,receptor-mediated endocytosis
APOE,GO:0007010,cytoskeleton organization
APOE,GO:0007186,G protein-coupled receptor signaling pathway
APOE,GO:0007271,"synaptic transmission, cholinergic"
APOE,GO:0007616,long-term memory
APOE,GO:0008203,cholesterol metabolic process
APOE,GO:0008203,cholesterol metabolic process
APOE,GO:0008203,cholesterol metabolic process
APOE,GO:0010544,negative regulation of platelet activation
APOE,GO:0010596,negative regulation of endothelial cell migration
APOE,GO:0010629,negative regulation of gene expression
APOE,GO:0010629,negative regulation of gene expression
APOE,GO:0010642,negative regulation of platelet-derived growth factor receptor signaling pathway
APOE,GO:0010875,positive regulation of cholesterol efflux
APOE,GO:0010875,positive regulation of cholesterol efflux
APOE,GO:0010875,positive regulation of cholesterol efflux
APOE,GO:0010877,lipid transport involved in lipid storage
APOE,GO:0010877,lipid transport involved in lipid storage
APOE,GO:0010976,positive regulation of neuron projection development
APOE,GO:0010976,positive regulation of neuron projection development
APOE,GO:0010976,positive regulation of neuron projection development
APOE,GO:0010977,negative regulation of neuron projection development
APOE,GO:0015909,long-chain fatty acid transport
APOE,GO:0017038,protein import
APOE,GO:0019068,virion assembly
APOE,GO:0030195,negative regulation of blood coagulation
APOE,GO:0030516,regulation of axon extension
APOE,GO:0031175,neuron projection development
APOE,GO:0032438,melanosome organization
APOE,GO:0032438,melanosome organization
APOE,GO:0032489,regulation of Cdc42 protein signal transduction
APOE,GO:0032805,positive regulation of low-density lipoprotein particle receptor catabolic process
APOE,GO:0033344,cholesterol efflux
APOE,GO:0033344,cholesterol efflux
APOE,GO:0033700,phospholipid efflux
APOE,GO:0033700,phospholipid efflux
APOE,GO:0034372,very-low-density lipoprotein particle remodeling
APOE,GO:0034372,very-low-density lipoprotein particle remodeling
APOE,GO:0034372,very-low-density lipoprotein particle remodeling
APOE,GO:0034374,low-density lipoprotein particle remodeling
APOE,GO:0034375,high-density lipoprotein particle remodeling
APOE,GO:0034380,high-density lipoprotein particle assembly
APOE,GO:0034382,chylomicron remnant clearance
APOE,GO:0034382,chylomicron remnant clearance
APOE,GO:0034384,high-density lipoprotein particle clearance
APOE,GO:0034447,very-low-density lipoprotein particle clearance
APOE,GO:0034447,very-low-density lipoprotein particle clearance
APOE,GO:0035641,locomotory exploration behavior
APOE,GO:0038060,nitric oxide-cGMP-mediated signaling
APOE,GO:0042157,lipoprotein metabolic process
APOE,GO:0042158,lipoprotein biosynthetic process
APOE,GO:0042632,cholesterol homeostasis
APOE,GO:0042632,cholesterol homeostasis
APOE,GO:0042981,regulation of apoptotic process
APOE,GO:0042982,amyloid precursor protein metabolic process
APOE,GO:0043254,regulation of protein-containing complex assembly
APOE,GO:0043409,negative regulation of MAPK cascade
APOE,GO:0043537,negative regulation of blood vessel endothelial cell migration
APOE,GO:0043691,reverse cholesterol transport
APOE,GO:0044794,host-mediated activation of viral process
APOE,GO:0045088,regulation of innate immune response
APOE,GO:0045429,positive regulation of nitric oxide biosynthetic process
APOE,GO:0045541,negative regulation of cholesterol biosynthetic process
APOE,GO:0045807,positive regulation of endocytosis
APOE,GO:0045893,positive regulation of DNA-templated transcription
APOE,GO:0046889,positive regulation of lipid biosynthetic process
APOE,GO:0048168,regulation of neuronal synaptic plasticity
APOE,GO:0048662,negative regulation of smooth muscle cell proliferation
APOE,GO:0050709,negative regulation of protein secretion
APOE,GO:0050728,negative regulation of inflammatory response
APOE,GO:0050728,negative regulation of inflammatory response
APOE,GO:0050807,regulation of synapse organization
APOE,GO:0051044,positive regulation of membrane protein ectodomain proteolysis
APOE,GO:0051044,positive regulation of membrane protein ectodomain proteolysis
APOE,GO:0051055,negative regulation of lipid biosynthetic process
APOE,GO:0051246,regulation of protein metabolic process
APOE,GO:0051248,negative regulation of protein metabolic process
APOE,GO:0055089,fatty acid homeostasis
APOE,GO:0055090,acylglycerol homeostasis
APOE,GO:0060999,positive regulation of dendritic spine development
APOE,GO:0061000,negative regulation of dendritic spine development
APOE,GO:0061136,regulation of proteasomal protein catabolic process
APOE,GO:0061771,response to caloric restriction
APOE,GO:0070328,triglyceride homeostasis
APOE,GO:0070328,triglyceride homeostasis
APOE,GO:0070374,positive regulation of ERK1 and ERK2 cascade
APOE,GO:0071402,cellular response to lipoprotein particle stimulus
APOE,GO:0071830,triglyceride-rich lipoprotein particle clearance
APOE,GO:0071830,triglyceride-rich lipoprotein particle clearance
APOE,GO:0071831,intermediate-density lipoprotein particle clearance
APOE,GO:0090090,negative regulation of canonical Wnt signaling pathway
APOE,GO:0090090,negative regulation of canonical Wnt signaling pathway
APOE,GO:0090090,negative regulation of canonical Wnt signaling pathway
APOE,GO:0090181,regulation of cholesterol metabolic process
APOE,GO:0090205,positive regulation of cholesterol metabolic process
APOE,GO:0090205,positive regulation of cholesterol metabolic process
APOE,GO:0090370,negative regulation of cholesterol efflux
APOE,GO:0097006,regulation of plasma lipoprotein particle levels
APOE,GO:0097113,AMPA glutamate receptor clustering
APOE,GO:0097114,NMDA glutamate receptor clustering
APOE,GO:0098869,cellular oxidant detoxification
APOE,GO:0140077,positive regulation of lipoprotein transport
APOE,GO:1900221,regulation of amyloid-beta clearance
APOE,GO:1900223,positive regulation of amyloid-beta clearance
APOE,GO:1900223,positive regulation of amyloid-beta clearance
APOE,GO:1900272,negative regulation of long-term synaptic potentiation
APOE,GO:1901627,negative regulation of postsynaptic membrane organization
APOE,GO:1901631,positive regulation of presynaptic membrane organization
APOE,GO:1902004,positive regulation of amyloid-beta formation
APOE,GO:1902430,negative regulation of amyloid-beta formation
APOE,GO:1902951,negative regulation of dendritic spine maintenance
APOE,GO:1902952,positive regulation of dendritic spine maintenance
APOE,GO:1902991,regulation of amyloid precursor protein catabolic process
APOE,GO:1902995,positive regulation of phospholipid efflux
APOE,GO:1902998,positive regulation of neurofibrillary tangle assembly
APOE,GO:1902999,negative regulation of phospholipid efflux
APOE,GO:1903001,negative regulation of lipid transport across blood-brain barrier
APOE,GO:1903002,positive regulation of lipid transport across blood-brain barrier
APOE,GO:1905890,regulation of cellular response to very-low-density lipoprotein particle stimulus
APOE,GO:1905906,regulation of amyloid fibril formation
APOE,GO:1905907,negative regulation of amyloid fibril formation
APOE,GO:1905907,negative regulation of amyloid fibril formation
APOE,GO:1905908,positive regulation of amyloid fibril formation
APOE,GO:2000822,regulation of behavioral fear response
EGFR,GO:0000165,MAPK cascade
EGFR,GO:0001503,ossification
EGFR,GO:0001934,positive regulation of protein phosphorylation
EGFR,GO:0007165,signal transduction
EGFR,GO:0007165,signal transduction
EGFR,GO:0007166,cell surface receptor signaling pathway
EGFR,GO:0007169,cell surface receptor protein tyrosine kinase signaling pathway
EGFR,GO:0007173,epidermal growth factor receptor signaling pathway
EGFR,GO:0007173,epidermal growth factor receptor signaling pathway
EGFR,GO:0007173,epidermal growth factor receptor signaling pathway
EGFR,GO:0007173,epidermal growth factor receptor signaling pathway
EGFR,GO:0007173,epidermal growth factor receptor signaling pathway
EGFR,GO:0007611,learning or memory
EGFR,GO:0008284,positive regulation of cell population proliferation
EGFR,GO:0008284,positive regulation of cell population proliferation
EGFR,GO:0016242,negative regulation of macroautophagy
EGFR,GO:0030182,neuron differentiation
EGFR,GO:0030307,positive regulation of cell growth
EGFR,GO:0030335,positive regulation of cell migration
EGFR,GO:0033138,positive regulation of peptidyl-serine phosphorylation
EGFR,GO:0034165,positive regulation of toll-like receptor 9 signaling pathway
EGFR,GO:0038134,ERBB2-EGFR signaling pathway
EGFR,GO:0038134,ERBB2-EGFR signaling pathway
EGFR,GO:0038134,ERBB2-EGFR signaling pathway
EGFR,GO:0042059,negative regulation of epidermal growth factor receptor signaling pathway
EGFR,GO:0042059,negative regulation of epidermal growth factor receptor signaling pathway
EGFR,GO:0042177,negative regulation of protein catabolic process
EGFR,GO:0042327,positive regulation of phosphorylation
EGFR,GO:0043066,negative regulation of apoptotic process
EGFR,GO:0043066,negative regulation of apoptotic process
EGFR,GO:0043410,positive regulation of MAPK cascade
EGFR,GO:0043410,positive regulation of MAPK cascade
EGFR,GO:0043491,phosphatidylinositol 3-kinase/protein kinase B signal transduction
EGFR,GO:0045739,positive regulation of DNA repair
EGFR,GO:0045740,positive regulation of DNA replication
EGFR,GO:0045944,positive regulation of transcription by RNA polymerase II
EGFR,GO:0048146,positive regulation of fibroblast proliferation
EGFR,GO:0050679,positive regulation of epithelial cell proliferation
EGFR,GO:0050679,positive regulation of epithelial cell proliferation
EGFR,GO:0050679,positive regulation of epithelial cell proliferation
EGFR,GO:0050730,regulation of peptidyl-tyrosine phosphorylation
EGFR,GO:0051205,protein insertion into membrane
EGFR,GO:0051897,positive regulation of phosphatidylinositol 3-kinase/protein kinase B signal transduction
EGFR,GO:0070141,response to UV-A
EGFR,GO:0070374,positive regulation of ERK1 and ERK2 cascade
EGFR,GO:0070374,positive regulation of ERK1 and ERK2 cascade
EGFR,GO:0070374,positive regulation of ERK1 and ERK2 cascade
EGFR,GO:0071230,cellular response to amino acid stimulus
EGFR,GO:0071364,cellular response to epidermal growth factor stimulus
EGFR,GO:0071392,cellular response to estradiol stimulus
EGFR,GO:0090037,positive regulation of protein kinase C signaling
EGFR,GO:0090263,positive regulation of canonical Wnt signaling pathway
EGFR,GO:0098609,cell-cell adhesion
EGFR,GO:0141111,positive regulation of cGAS/STING signaling pathway
EGFR,GO:1900087,positive regulation of G1/S transition of mitotic cell cycle
EGFR,GO:1902895,positive regulation of miRNA transcription
EGFR,GO:1903078,positive regulation of protein localization to plasma membrane
EGFR,GO:1905208,negative regulation of cardiocyte differentiation
